UID,채무 불이행 확률
TEST_0000,0.4083334347466633
TEST_0001,0.3984328608205117
TEST_0002,0.4815521514675396
TEST_0003,0.24616698139961452
TEST_0004,0.38115984951792087
TEST_0005,0.20502421444121754
TEST_0006,0.7073647131815998
TEST_0007,0.6063766357599498
TEST_0008,0.09909909577955978
TEST_0009,0.5144907929355224
TEST_0010,0.3564505962375747
TEST_0011,0.22007002455867555
TEST_0012,0.2200743227493783
TEST_0013,0.4130776027032403
TEST_0014,0.5993500306262654
TEST_0015,0.23465323827440115
TEST_0016,0.4522675477070833
TEST_0017,0.3363128398425628
TEST_0018,0.1629677408249948
TEST_0019,0.46098545781009015
TEST_0020,0.2491188745413029
TEST_0021,0.47254049424584743
TEST_0022,0.22447887945243805
TEST_0023,0.45991724205490264
TEST_0024,0.2868440534398413
TEST_0025,0.4470135917553161
TEST_0026,0.5332904390200889
TEST_0027,0.632478415251419
TEST_0028,0.4277598795489723
TEST_0029,0.8289454539592522
TEST_0030,0.15925271606885522
TEST_0031,0.14365690865049158
TEST_0032,0.26309066297536515
TEST_0033,0.6725877740156871
TEST_0034,0.2605496086039288
TEST_0035,0.17194019779615244
TEST_0036,0.4212314805798656
TEST_0037,0.2329121723471272
TEST_0038,0.4552409168111925
TEST_0039,0.5728017149355304
TEST_0040,0.6132506799457571
TEST_0041,0.21595007721831366
TEST_0042,0.09506357821376375
TEST_0043,0.3435136288510157
TEST_0044,0.17683330233974284
TEST_0045,0.16628590672618598
TEST_0046,0.25165229391282423
TEST_0047,0.2494066232131462
TEST_0048,0.4934514859665161
TEST_0049,0.2489626995536871
TEST_0050,0.4221889919071785
TEST_0051,0.10714873681414203
TEST_0052,0.43221908797476616
TEST_0053,0.5796113535485047
TEST_0054,0.2547686931783003
TEST_0055,0.21344398473035875
TEST_0056,0.11484474474644207
TEST_0057,0.21470869015815178
TEST_0058,0.6169511087585429
TEST_0059,0.29848543406786443
TEST_0060,0.16358098456462036
TEST_0061,0.12346049252376493
TEST_0062,0.3289582629988413
TEST_0063,0.29161646751760584
TEST_0064,0.44965562933036307
TEST_0065,0.2894269712098298
TEST_0066,0.21000355191062237
TEST_0067,0.16252020418858654
TEST_0068,0.2878564062974658
TEST_0069,0.38654654917530634
TEST_0070,0.23268073099298592
TEST_0071,0.5088167665203158
TEST_0072,0.1483158147836708
TEST_0073,0.20600553126327872
TEST_0074,0.2667768738047355
TEST_0075,0.38709685819032186
TEST_0076,0.26878810700090994
TEST_0077,0.2042042117298004
TEST_0078,0.11465786215617622
TEST_0079,0.21241068462609303
TEST_0080,0.15574368753816145
TEST_0081,0.49759352362747644
TEST_0082,0.4059075014321709
TEST_0083,0.41958597999536484
TEST_0084,0.3941923084604075
TEST_0085,0.3386405359851437
TEST_0086,0.5230474295885195
TEST_0087,0.33994276519782085
TEST_0088,0.10831945385998289
TEST_0089,0.47559449478019544
TEST_0090,0.651576813247775
TEST_0091,0.26398994164121303
TEST_0092,0.5264805740328671
TEST_0093,0.4702845991901087
TEST_0094,0.2047799159632766
TEST_0095,0.28264107497080626
TEST_0096,0.15774992855488743
TEST_0097,0.43344317488774076
TEST_0098,0.30799228653287186
TEST_0099,0.2843647795846862
TEST_0100,0.41140746393906896
TEST_0101,0.24465659920608646
TEST_0102,0.30024439962818783
TEST_0103,0.3355424590974449
TEST_0104,0.6802477142810435
TEST_0105,0.26912542145870044
TEST_0106,0.5371150573463607
TEST_0107,0.3225262061574499
TEST_0108,0.16069442395261657
TEST_0109,0.25132584913525746
TEST_0110,0.18089001724979514
TEST_0111,0.47266784267738027
TEST_0112,0.3760139147462438
TEST_0113,0.5359649996782403
TEST_0114,0.5106362291571745
TEST_0115,0.2742396568335457
TEST_0116,0.5727563415590712
TEST_0117,0.1807049211826378
TEST_0118,0.21209232057560648
TEST_0119,0.6182852945337165
TEST_0120,0.2614256882363649
TEST_0121,0.42555681067574663
TEST_0122,0.18538501285442824
TEST_0123,0.24553943822521648
TEST_0124,0.2692469650603067
TEST_0125,0.19760600719850718
TEST_0126,0.21432476653084503
TEST_0127,0.407463656215711
TEST_0128,0.11622186570404389
TEST_0129,0.6883617978900655
TEST_0130,0.3988698578787907
TEST_0131,0.4039516020679935
TEST_0132,0.47323952185794577
TEST_0133,0.22515747772684258
TEST_0134,0.41082501487647816
TEST_0135,0.5133086439513024
TEST_0136,0.6776887106896071
TEST_0137,0.4904755264478977
TEST_0138,0.6822675301858333
TEST_0139,0.8065598761747955
TEST_0140,0.6569944675802689
TEST_0141,0.4875048029168876
TEST_0142,0.20256082261880096
TEST_0143,0.2011731075411949
TEST_0144,0.2920432689357788
TEST_0145,0.4090699411623708
TEST_0146,0.4369650103000032
TEST_0147,0.3020875152236185
TEST_0148,0.47671775827921514
TEST_0149,0.3886549050064133
TEST_0150,0.5475498066383206
TEST_0151,0.3309186556113916
TEST_0152,0.6911293258458484
TEST_0153,0.18741483242044518
TEST_0154,0.6960439675608622
TEST_0155,0.1352514501986827
TEST_0156,0.6276240684842715
TEST_0157,0.1144920146691216
TEST_0158,0.5436373578676724
TEST_0159,0.11006546786743385
TEST_0160,0.7553213425908545
TEST_0161,0.3404214650164596
TEST_0162,0.2303176724745605
TEST_0163,0.4987985810101218
TEST_0164,0.2418896257926799
TEST_0165,0.08979087855178193
TEST_0166,0.38828481165260337
TEST_0167,0.6981709575371418
TEST_0168,0.2856738690875122
TEST_0169,0.610127658421876
TEST_0170,0.5227631620090228
TEST_0171,0.33483921777610254
TEST_0172,0.28150594735772083
TEST_0173,0.1643338159498314
TEST_0174,0.21864098789173964
TEST_0175,0.48960469753527114
TEST_0176,0.34115217964686195
TEST_0177,0.3846527186046506
TEST_0178,0.290548503562507
TEST_0179,0.6269158406800075
TEST_0180,0.2947570293030537
TEST_0181,0.11407877273235521
TEST_0182,0.21803734160405516
TEST_0183,0.1555102619896428
TEST_0184,0.5393458834564109
TEST_0185,0.21304841731680363
TEST_0186,0.14193366069151853
TEST_0187,0.23068876561197457
TEST_0188,0.20243042524697272
TEST_0189,0.242193238008723
TEST_0190,0.39122936532385943
TEST_0191,0.19209479662613257
TEST_0192,0.2601202516723441
TEST_0193,0.10734435984016062
TEST_0194,0.0752451052812363
TEST_0195,0.20108346761194013
TEST_0196,0.7410132688412525
TEST_0197,0.5875909578386552
TEST_0198,0.2969960603804775
TEST_0199,0.5519778265072115
TEST_0200,0.12308766702036074
TEST_0201,0.5434095798412518
TEST_0202,0.3393275448000014
TEST_0203,0.1489831009586417
TEST_0204,0.3794266294372729
TEST_0205,0.6233489054135994
TEST_0206,0.5790961808329672
TEST_0207,0.07689892816456884
TEST_0208,0.17119985079833008
TEST_0209,0.736062726401386
TEST_0210,0.294150005860963
TEST_0211,0.7283527452325934
TEST_0212,0.5727253446145798
TEST_0213,0.3418360292284527
TEST_0214,0.1748350186462203
TEST_0215,0.29855278912365224
TEST_0216,0.2682326499160732
TEST_0217,0.36305326601534565
TEST_0218,0.08866938173590892
TEST_0219,0.45085844251046997
TEST_0220,0.47291486031972446
TEST_0221,0.24467007566465276
TEST_0222,0.7627205356922748
TEST_0223,0.462193900602564
TEST_0224,0.17382464209880766
TEST_0225,0.2046986989344748
TEST_0226,0.3697937255371759
TEST_0227,0.3300110890603709
TEST_0228,0.31272944466371594
TEST_0229,0.18871228313422966
TEST_0230,0.4547912317177703
TEST_0231,0.5992817572598679
TEST_0232,0.28004932308723746
TEST_0233,0.3414892999399254
TEST_0234,0.24112905227592205
TEST_0235,0.5645209535920382
TEST_0236,0.26124036098999814
TEST_0237,0.48942132697676655
TEST_0238,0.3052165772125176
TEST_0239,0.24426724187727067
TEST_0240,0.4100035022912591
TEST_0241,0.3160764417205273
TEST_0242,0.3618603652153896
TEST_0243,0.5445367516249368
TEST_0244,0.19054004192963284
TEST_0245,0.6988705262606947
TEST_0246,0.17935341561859586
TEST_0247,0.7423439706557603
TEST_0248,0.2827988225076611
TEST_0249,0.31820029198230587
TEST_0250,0.12338747368747077
TEST_0251,0.6469513362344831
TEST_0252,0.7565110720870124
TEST_0253,0.5394640063792392
TEST_0254,0.09050208200888278
TEST_0255,0.6600781763589209
TEST_0256,0.598381244492474
TEST_0257,0.20256954313505388
TEST_0258,0.16208769705587994
TEST_0259,0.14509153458027796
TEST_0260,0.09824704594861548
TEST_0261,0.41306726847118225
TEST_0262,0.2452142358966358
TEST_0263,0.3809483378618729
TEST_0264,0.6185441936265943
TEST_0265,0.2472717491289277
TEST_0266,0.1749426351767523
TEST_0267,0.12931311709424598
TEST_0268,0.5488731472820133
TEST_0269,0.22437717775328866
TEST_0270,0.28410525103271883
TEST_0271,0.30126143450348586
TEST_0272,0.2083999566703315
TEST_0273,0.6665043178571892
TEST_0274,0.11803826326454309
TEST_0275,0.1013649644854409
TEST_0276,0.16540307789184688
TEST_0277,0.20792111553495718
TEST_0278,0.21133914388983926
TEST_0279,0.4364938866364106
TEST_0280,0.5114434865813962
TEST_0281,0.151454682842315
TEST_0282,0.09764012548130069
TEST_0283,0.4904975628961773
TEST_0284,0.2749899315014992
TEST_0285,0.4524594232544781
TEST_0286,0.21880480762710186
TEST_0287,0.5056954229220976
TEST_0288,0.1902343713645375
TEST_0289,0.10402673547193093
TEST_0290,0.33123728936366437
TEST_0291,0.17294950517552513
TEST_0292,0.31934829788016605
TEST_0293,0.19156484749813066
TEST_0294,0.201567373078266
TEST_0295,0.6405932282039277
TEST_0296,0.15212933238851253
TEST_0297,0.2511997342826534
TEST_0298,0.579936589219996
TEST_0299,0.5391429118595593
TEST_0300,0.5023378536625136
TEST_0301,0.18754009785708334
TEST_0302,0.6029056323711705
TEST_0303,0.3082588807295395
TEST_0304,0.1872806188019652
TEST_0305,0.21552870230550755
TEST_0306,0.39415849028492944
TEST_0307,0.7943250116155112
TEST_0308,0.7975430839258828
TEST_0309,0.2287667090968626
TEST_0310,0.12288568967338234
TEST_0311,0.686086305926946
TEST_0312,0.41021909879735863
TEST_0313,0.1801693339381433
TEST_0314,0.7222436248390456
TEST_0315,0.5658436260786982
TEST_0316,0.09661944541036589
TEST_0317,0.6692609891963718
TEST_0318,0.22549093458192787
TEST_0319,0.5175217682808367
TEST_0320,0.5408625564722969
TEST_0321,0.727698217409999
TEST_0322,0.7801319015572653
TEST_0323,0.2972715953288043
TEST_0324,0.783684188064405
TEST_0325,0.19613347418953836
TEST_0326,0.5424651985658139
TEST_0327,0.218415776679905
TEST_0328,0.5712134128492704
TEST_0329,0.33667936887613975
TEST_0330,0.1015985389297552
TEST_0331,0.16696185951410264
TEST_0332,0.38566709962303286
TEST_0333,0.44408309003974716
TEST_0334,0.28629360312923235
TEST_0335,0.3684231786321529
TEST_0336,0.16732383018989438
TEST_0337,0.5824891042613969
TEST_0338,0.4259826214720997
TEST_0339,0.1939881705852742
TEST_0340,0.5980095959344418
TEST_0341,0.1711714152040785
TEST_0342,0.5272661594479788
TEST_0343,0.5687386136998239
TEST_0344,0.2475139218071059
TEST_0345,0.36518281309346184
TEST_0346,0.32472416642971824
TEST_0347,0.37518233711474497
TEST_0348,0.5087361966103172
TEST_0349,0.7276970889940254
TEST_0350,0.4753410558356172
TEST_0351,0.24377824629648256
TEST_0352,0.3458861505525581
TEST_0353,0.37114833655484375
TEST_0354,0.2950784619931493
TEST_0355,0.6285680527582603
TEST_0356,0.333993876325644
TEST_0357,0.09163717745961293
TEST_0358,0.34592728482039814
TEST_0359,0.4243976696115601
TEST_0360,0.09442666435219356
TEST_0361,0.35093047921259085
TEST_0362,0.383689042259976
TEST_0363,0.4649283121764448
TEST_0364,0.46910895013630577
TEST_0365,0.29279416001199216
TEST_0366,0.2202031999517279
TEST_0367,0.5991636869892853
TEST_0368,0.3363148910399104
TEST_0369,0.3780543710413397
TEST_0370,0.37213811127813184
TEST_0371,0.23001498253986105
TEST_0372,0.295063886325965
TEST_0373,0.1421986500840924
TEST_0374,0.4483848768523682
TEST_0375,0.10181500975304507
TEST_0376,0.2225396348488851
TEST_0377,0.4096930321177171
TEST_0378,0.49724389239133965
TEST_0379,0.7813205640509785
TEST_0380,0.22046900533775918
TEST_0381,0.6015030569701452
TEST_0382,0.39966938190796136
TEST_0383,0.2747006760208848
TEST_0384,0.2227961208697128
TEST_0385,0.4057405644934346
TEST_0386,0.33007044667326496
TEST_0387,0.6943852971258857
TEST_0388,0.1241856966620767
TEST_0389,0.20946412106950082
TEST_0390,0.2879890051550472
TEST_0391,0.4663001198482402
TEST_0392,0.3030090418352293
TEST_0393,0.5949547250714029
TEST_0394,0.16655102450051515
TEST_0395,0.3456629677879833
TEST_0396,0.5535583521328393
TEST_0397,0.3988238470878609
TEST_0398,0.4740111295791733
TEST_0399,0.26037790502143515
TEST_0400,0.24324407488037003
TEST_0401,0.3660654709981521
TEST_0402,0.5673300448987447
TEST_0403,0.39602792369474465
TEST_0404,0.5637915958295758
TEST_0405,0.3298247180426079
TEST_0406,0.35106238925723726
TEST_0407,0.6536825616401767
TEST_0408,0.29437570481934416
TEST_0409,0.5177575485642696
TEST_0410,0.19346407304593674
TEST_0411,0.5340403221370171
TEST_0412,0.3807682395490798
TEST_0413,0.1764654260954873
TEST_0414,0.17988017822841826
TEST_0415,0.5524324115238946
TEST_0416,0.0897734428796658
TEST_0417,0.7092703486701297
TEST_0418,0.214255113824814
TEST_0419,0.5071363244467769
TEST_0420,0.42661799399294215
TEST_0421,0.49424582226092195
TEST_0422,0.16796595039307524
TEST_0423,0.12291419426161625
TEST_0424,0.5509443700788813
TEST_0425,0.5177259095100788
TEST_0426,0.4053675044074936
TEST_0427,0.1347167472108319
TEST_0428,0.5308107236270497
TEST_0429,0.22953593994612595
TEST_0430,0.19925737760069268
TEST_0431,0.25625594346958347
TEST_0432,0.14085754270735418
TEST_0433,0.3635845004855328
TEST_0434,0.3709500775225138
TEST_0435,0.7099311046105623
TEST_0436,0.18689665960093246
TEST_0437,0.5987900964530483
TEST_0438,0.1816619843375589
TEST_0439,0.30362045780419855
TEST_0440,0.21452242469529856
TEST_0441,0.2945662386057839
TEST_0442,0.13559863100362257
TEST_0443,0.16651505107317835
TEST_0444,0.3832319163116134
TEST_0445,0.21197964885996026
TEST_0446,0.20118692231463978
TEST_0447,0.3973586533839198
TEST_0448,0.37835306216029047
TEST_0449,0.1742453701012946
TEST_0450,0.12739444801453512
TEST_0451,0.38764280092010706
TEST_0452,0.6071493910251115
TEST_0453,0.2338720702348034
TEST_0454,0.2501241647655498
TEST_0455,0.14504416916722981
TEST_0456,0.2886032137369089
TEST_0457,0.3593521699899904
TEST_0458,0.18477525694342395
TEST_0459,0.3171152473362784
TEST_0460,0.14634478467578854
TEST_0461,0.28490311549172276
TEST_0462,0.14929621750424762
TEST_0463,0.47346107044719077
TEST_0464,0.297363417407354
TEST_0465,0.10701552717201394
TEST_0466,0.19584969388968376
TEST_0467,0.20793322444280138
TEST_0468,0.25655634597425736
TEST_0469,0.16561972815585974
TEST_0470,0.4256279083262436
TEST_0471,0.25714726913878383
TEST_0472,0.15982465610881144
TEST_0473,0.11565887499998118
TEST_0474,0.17788943014272654
TEST_0475,0.28513334109078076
TEST_0476,0.5397463449188993
TEST_0477,0.26080951733036095
TEST_0478,0.4155582260423036
TEST_0479,0.76984359215838
TEST_0480,0.5418427238547031
TEST_0481,0.3891866039563161
TEST_0482,0.2766510356730534
TEST_0483,0.177147843493456
TEST_0484,0.07477197431005891
TEST_0485,0.6921774989879562
TEST_0486,0.1540752824265914
TEST_0487,0.31883758832748854
TEST_0488,0.38189008414796904
TEST_0489,0.28288848242900383
TEST_0490,0.16923519861315633
TEST_0491,0.11339945069184924
TEST_0492,0.33013183704308846
TEST_0493,0.2662717084119773
TEST_0494,0.4922491887295525
TEST_0495,0.6058418225430873
TEST_0496,0.3776681011093759
TEST_0497,0.6521896006712575
TEST_0498,0.34155099219342283
TEST_0499,0.4512026425396963
TEST_0500,0.21284862272080168
TEST_0501,0.20562733405624398
TEST_0502,0.6410666671610005
TEST_0503,0.2974948073721732
TEST_0504,0.19722095600543216
TEST_0505,0.09903492341057757
TEST_0506,0.256360291793073
TEST_0507,0.5419672697605065
TEST_0508,0.20066284939564005
TEST_0509,0.4315121531220225
TEST_0510,0.42824491905043954
TEST_0511,0.506088464856758
TEST_0512,0.5842535703843662
TEST_0513,0.13640114830799463
TEST_0514,0.17709296490732798
TEST_0515,0.7741077505631232
TEST_0516,0.24142942625761324
TEST_0517,0.5523126780000239
TEST_0518,0.6790157085317693
TEST_0519,0.20890833319560842
TEST_0520,0.5249920793063229
TEST_0521,0.1968670976308789
TEST_0522,0.2062975725597067
TEST_0523,0.15591767061156137
TEST_0524,0.23128503521103333
TEST_0525,0.2590709552420294
TEST_0526,0.572636838405402
TEST_0527,0.10719929196945353
TEST_0528,0.6507498573265196
TEST_0529,0.5251330058982724
TEST_0530,0.10019088749160941
TEST_0531,0.5412271138639457
TEST_0532,0.4703609694684901
TEST_0533,0.31293640752600826
TEST_0534,0.5023545781200444
TEST_0535,0.3311974276465384
TEST_0536,0.19367468629476567
TEST_0537,0.2719634788523404
TEST_0538,0.5848896296460961
TEST_0539,0.7078139249611413
TEST_0540,0.3642200055063082
TEST_0541,0.21509089969652928
TEST_0542,0.34924039938380247
TEST_0543,0.2098370302620731
TEST_0544,0.4390559827061725
TEST_0545,0.18316912787322656
TEST_0546,0.20706179270580433
TEST_0547,0.7886827146460718
TEST_0548,0.2990903734053642
TEST_0549,0.6077047251382105
TEST_0550,0.1865297248941296
TEST_0551,0.45626124527490103
TEST_0552,0.41405670194627214
TEST_0553,0.3463639693177731
TEST_0554,0.18011528666823146
TEST_0555,0.5117755680364152
TEST_0556,0.6028410752376062
TEST_0557,0.23227988629131446
TEST_0558,0.150772562971716
TEST_0559,0.7164115582913149
TEST_0560,0.13805434406388944
TEST_0561,0.2211609645228097
TEST_0562,0.34208227560643406
TEST_0563,0.8132774497934533
TEST_0564,0.40061630875086923
TEST_0565,0.32077712458070395
TEST_0566,0.20969561584355925
TEST_0567,0.5449759841251687
TEST_0568,0.2120534967055846
TEST_0569,0.2509084444590242
TEST_0570,0.31144850587728823
TEST_0571,0.233038561610923
TEST_0572,0.2660538203086556
TEST_0573,0.19960244565070198
TEST_0574,0.2541075786906274
TEST_0575,0.1329691864301398
TEST_0576,0.2880572192089196
TEST_0577,0.09573941326663986
TEST_0578,0.2476896948488499
TEST_0579,0.3247149960314774
TEST_0580,0.2393869959663114
TEST_0581,0.3838700657556241
TEST_0582,0.4088296932247675
TEST_0583,0.2967792173340995
TEST_0584,0.7579897021519079
TEST_0585,0.13202329625951156
TEST_0586,0.26445628404002397
TEST_0587,0.17769860506234675
TEST_0588,0.6484496463660383
TEST_0589,0.6298551656380189
TEST_0590,0.5875241004804013
TEST_0591,0.2416983080686791
TEST_0592,0.15063324004502218
TEST_0593,0.7459493013850388
TEST_0594,0.5926144345959948
TEST_0595,0.4080577905446646
TEST_0596,0.3162050450937489
TEST_0597,0.1899618045950054
TEST_0598,0.4134743640133624
TEST_0599,0.5021696417283619
TEST_0600,0.17321917790764907
TEST_0601,0.5363766854945928
TEST_0602,0.43993241428061
TEST_0603,0.5675003303043985
TEST_0604,0.5199065170814713
TEST_0605,0.1904387118158089
TEST_0606,0.31358322501828423
TEST_0607,0.21266225330118502
TEST_0608,0.1087945148905191
TEST_0609,0.37272694976135007
TEST_0610,0.20443394240442261
TEST_0611,0.5289048374562582
TEST_0612,0.19241888559548775
TEST_0613,0.24137576259861826
TEST_0614,0.1900122071430234
TEST_0615,0.2806933636294017
TEST_0616,0.5218742371816181
TEST_0617,0.3811870355615197
TEST_0618,0.24335265815043078
TEST_0619,0.3872529567822861
TEST_0620,0.4907405727898409
TEST_0621,0.2946260151374415
TEST_0622,0.3249533410084286
TEST_0623,0.4947839608464047
TEST_0624,0.6958525517113575
TEST_0625,0.11021986390711942
TEST_0626,0.5983336203960947
TEST_0627,0.16816955644508208
TEST_0628,0.49406916168463644
TEST_0629,0.4220428092138854
TEST_0630,0.6660439985476838
TEST_0631,0.1722870945034807
TEST_0632,0.23724180136967477
TEST_0633,0.4009029188740402
TEST_0634,0.6092031935827228
TEST_0635,0.2217947325162643
TEST_0636,0.6397141645258768
TEST_0637,0.502245721742993
TEST_0638,0.5476179047324867
TEST_0639,0.6798150284052631
TEST_0640,0.28711747329749665
TEST_0641,0.6078324294262782
TEST_0642,0.2988877519525111
TEST_0643,0.32500970493601605
TEST_0644,0.22719750714131273
TEST_0645,0.36441520626209634
TEST_0646,0.6428046864716069
TEST_0647,0.17272028720071672
TEST_0648,0.5368778105144991
TEST_0649,0.40969447073769477
TEST_0650,0.6111230057059768
TEST_0651,0.11127631790722801
TEST_0652,0.19060696233517013
TEST_0653,0.6143972773454299
TEST_0654,0.4053295115355792
TEST_0655,0.3287181076742382
TEST_0656,0.1488629713061894
TEST_0657,0.2967180229057654
TEST_0658,0.2455611589186205
TEST_0659,0.25139320317612696
TEST_0660,0.4157961108590892
TEST_0661,0.3519084482397085
TEST_0662,0.11625996643376217
TEST_0663,0.2950917107413672
TEST_0664,0.3692405113180525
TEST_0665,0.25283810025611664
TEST_0666,0.7778668792037046
TEST_0667,0.22302310522889993
TEST_0668,0.3280477165363337
TEST_0669,0.558287561409458
TEST_0670,0.17865219366074017
TEST_0671,0.1479518955871519
TEST_0672,0.11487709271829466
TEST_0673,0.303147533903359
TEST_0674,0.17890256760461062
TEST_0675,0.21924635831127612
TEST_0676,0.07026852800973919
TEST_0677,0.7211564718480825
TEST_0678,0.5127086823286469
TEST_0679,0.5988406068205393
TEST_0680,0.30986509449503213
TEST_0681,0.25847672805719174
TEST_0682,0.2408525025110363
TEST_0683,0.6462158014446948
TEST_0684,0.482195130328878
TEST_0685,0.3253337885851129
TEST_0686,0.23862580255973706
TEST_0687,0.48402995521247666
TEST_0688,0.6851941095695675
TEST_0689,0.2925856748589807
TEST_0690,0.5558351603340955
TEST_0691,0.19501918421091297
TEST_0692,0.47193890060982874
TEST_0693,0.20130894039978298
TEST_0694,0.3716515101898174
TEST_0695,0.48262650932600504
TEST_0696,0.15138732024102175
TEST_0697,0.32312114392263
TEST_0698,0.4482749263721711
TEST_0699,0.15194378453642757
TEST_0700,0.1290986781532206
TEST_0701,0.6894566801079636
TEST_0702,0.17899884054230827
TEST_0703,0.1978419486099639
TEST_0704,0.3707069655410527
TEST_0705,0.24325250101728652
TEST_0706,0.1804880634292844
TEST_0707,0.6215250391444864
TEST_0708,0.5370836897584677
TEST_0709,0.5923342335413864
TEST_0710,0.1823811396832136
TEST_0711,0.3886860071816104
TEST_0712,0.2830146331001688
TEST_0713,0.21788958658108412
TEST_0714,0.2790248241606835
TEST_0715,0.6189244321199475
TEST_0716,0.6445221953090462
TEST_0717,0.7323454779227256
TEST_0718,0.216722519343128
TEST_0719,0.29983922545192465
TEST_0720,0.5542605196641874
TEST_0721,0.5706655206221156
TEST_0722,0.09240118323868993
TEST_0723,0.33887352808333226
TEST_0724,0.4135322045824095
TEST_0725,0.15060698145059032
TEST_0726,0.3168659665549582
TEST_0727,0.2503429876847769
TEST_0728,0.6581065635556363
TEST_0729,0.18766706781632084
TEST_0730,0.16113094191812996
TEST_0731,0.33941125177469195
TEST_0732,0.49000703126423234
TEST_0733,0.33297035923745466
TEST_0734,0.26948501898660654
TEST_0735,0.3371902098161689
TEST_0736,0.3991526192024703
TEST_0737,0.42816556704007236
TEST_0738,0.3907317675413103
TEST_0739,0.09945150220574273
TEST_0740,0.32087846959587313
TEST_0741,0.4511677506352645
TEST_0742,0.41776493980002366
TEST_0743,0.5967042066719059
TEST_0744,0.2397689517227798
TEST_0745,0.32476850498834403
TEST_0746,0.2234475908460449
TEST_0747,0.4191247537887986
TEST_0748,0.5107708400359022
TEST_0749,0.4737158316260088
TEST_0750,0.48465366754465083
TEST_0751,0.2083700635063361
TEST_0752,0.7017624208283062
TEST_0753,0.6950924148750203
TEST_0754,0.5495819615743118
TEST_0755,0.229532425166706
TEST_0756,0.29497219701383454
TEST_0757,0.28376157009543945
TEST_0758,0.21186942960274582
TEST_0759,0.12406509930069476
TEST_0760,0.20354879946070067
TEST_0761,0.42633423144812516
TEST_0762,0.2645066563131609
TEST_0763,0.23897636597591487
TEST_0764,0.21848587151051563
TEST_0765,0.27739195117082827
TEST_0766,0.4217107615001854
TEST_0767,0.12909717603261733
TEST_0768,0.6119014887865091
TEST_0769,0.7298482420753225
TEST_0770,0.49974990577944
TEST_0771,0.20742890357936417
TEST_0772,0.10488273110991496
TEST_0773,0.108874810758741
TEST_0774,0.37229755728772
TEST_0775,0.22614137776670987
TEST_0776,0.5411211658639584
TEST_0777,0.21052141437006036
TEST_0778,0.527101415341984
TEST_0779,0.35088042160970495
TEST_0780,0.7205122947279016
TEST_0781,0.10123403802123317
TEST_0782,0.4174992758753663
TEST_0783,0.13817087031792064
TEST_0784,0.1546526381510744
TEST_0785,0.48693438420291574
TEST_0786,0.39556761272576973
TEST_0787,0.18654575547468757
TEST_0788,0.7786073805380765
TEST_0789,0.41143559217859066
TEST_0790,0.2518393271563537
TEST_0791,0.7949487339035645
TEST_0792,0.23198030119192867
TEST_0793,0.2115582897206334
TEST_0794,0.11856214195674857
TEST_0795,0.12673183987427852
TEST_0796,0.17045184708230007
TEST_0797,0.71320535690356
TEST_0798,0.5091057823142376
TEST_0799,0.15516463330701502
TEST_0800,0.5565629307644221
TEST_0801,0.6397493573008131
TEST_0802,0.26367337037701133
TEST_0803,0.2970782959914124
TEST_0804,0.45031525440178566
TEST_0805,0.14168304428264306
TEST_0806,0.39993503612390924
TEST_0807,0.2091517473717074
TEST_0808,0.37781221950458993
TEST_0809,0.14002299424380427
TEST_0810,0.5392865165438577
TEST_0811,0.13274644710129713
TEST_0812,0.38970469738004276
TEST_0813,0.19928761064537318
TEST_0814,0.5324611433663649
TEST_0815,0.38980113726020227
TEST_0816,0.6187487320098001
TEST_0817,0.13341238432702685
TEST_0818,0.41508425470039306
TEST_0819,0.4487204990437296
TEST_0820,0.41710977787000747
TEST_0821,0.26613794345555186
TEST_0822,0.7476787843157945
TEST_0823,0.17474191272768258
TEST_0824,0.518176057820108
TEST_0825,0.11196956100872679
TEST_0826,0.3108583181110183
TEST_0827,0.18929470227621975
TEST_0828,0.31721078210117226
TEST_0829,0.66731753633792
TEST_0830,0.18911824035851182
TEST_0831,0.48261574308253147
TEST_0832,0.44757410251371466
TEST_0833,0.6158016953254908
TEST_0834,0.17279387577085034
TEST_0835,0.4023052049687371
TEST_0836,0.24832665035055052
TEST_0837,0.18171624305236542
TEST_0838,0.5609334833149675
TEST_0839,0.2601622064775142
TEST_0840,0.087370717305881
TEST_0841,0.13345087617629373
TEST_0842,0.2490567439559568
TEST_0843,0.33700408493075273
TEST_0844,0.5413731174824709
TEST_0845,0.24286586056536144
TEST_0846,0.45041031868053205
TEST_0847,0.5183086631578782
TEST_0848,0.7213780461252317
TEST_0849,0.7292543945268753
TEST_0850,0.3416542037068253
TEST_0851,0.3365046109643448
TEST_0852,0.4771466604401846
TEST_0853,0.25105178331786293
TEST_0854,0.2782672853747513
TEST_0855,0.16147708376307654
TEST_0856,0.6721555521735227
TEST_0857,0.6159870384682347
TEST_0858,0.2749503969791308
TEST_0859,0.45614354584109695
TEST_0860,0.3287122716314504
TEST_0861,0.21248673409154753
TEST_0862,0.4728492226886544
TEST_0863,0.3421597547012354
TEST_0864,0.6196062051369731
TEST_0865,0.3768281239519201
TEST_0866,0.5438502429808492
TEST_0867,0.3697625539555713
TEST_0868,0.1778530998477312
TEST_0869,0.46265756186634627
TEST_0870,0.29869797871321496
TEST_0871,0.14456480485455525
TEST_0872,0.3425478303298568
TEST_0873,0.3117029578387751
TEST_0874,0.3125502092112888
TEST_0875,0.8091725676882134
TEST_0876,0.5722470143289297
TEST_0877,0.5830294809199217
TEST_0878,0.3819040575248904
TEST_0879,0.39811759853240714
TEST_0880,0.2001593538942434
TEST_0881,0.09136365348602346
TEST_0882,0.7669778928079427
TEST_0883,0.3515994880405268
TEST_0884,0.5087838712985272
TEST_0885,0.2279972627078204
TEST_0886,0.44527611058029154
TEST_0887,0.3283678417497781
TEST_0888,0.5524062079004548
TEST_0889,0.21468791534833725
TEST_0890,0.31080436402245587
TEST_0891,0.20011045350204007
TEST_0892,0.7427145280665244
TEST_0893,0.18478291349429815
TEST_0894,0.46627673180950885
TEST_0895,0.5809101332396924
TEST_0896,0.574328127184401
TEST_0897,0.671542550176576
TEST_0898,0.3727259985042467
TEST_0899,0.5098004552230456
TEST_0900,0.21180138661834833
TEST_0901,0.3587303139970269
TEST_0902,0.6600365040423765
TEST_0903,0.13717558631311105
TEST_0904,0.580286554611698
TEST_0905,0.2177812435456091
TEST_0906,0.5735217171117042
TEST_0907,0.1793521235188911
TEST_0908,0.29971050855625325
TEST_0909,0.24422681996192236
TEST_0910,0.2548385220926344
TEST_0911,0.5002320143254633
TEST_0912,0.5882883777644397
TEST_0913,0.3602209038094649
TEST_0914,0.32067283814389275
TEST_0915,0.35339160201643754
TEST_0916,0.21036929385939016
TEST_0917,0.4047389165997365
TEST_0918,0.5516656036269008
TEST_0919,0.15092874456569397
TEST_0920,0.13689328694473923
TEST_0921,0.3009633325199691
TEST_0922,0.45478849230726615
TEST_0923,0.6160688889348579
TEST_0924,0.2996576636884502
TEST_0925,0.23302924848678291
TEST_0926,0.15003246883581292
TEST_0927,0.2461976128356888
TEST_0928,0.20387439405224944
TEST_0929,0.36955059690831843
TEST_0930,0.1707098171104401
TEST_0931,0.17497243342873203
TEST_0932,0.18014154846793246
TEST_0933,0.21353806488476895
TEST_0934,0.41022508354426107
TEST_0935,0.7048305708115675
TEST_0936,0.3795923242292645
TEST_0937,0.11288943836216751
TEST_0938,0.1396089483983791
TEST_0939,0.14585656570087518
TEST_0940,0.23825747358986862
TEST_0941,0.34315486928316324
TEST_0942,0.4450059612391412
TEST_0943,0.23904586276833778
TEST_0944,0.3844999990642593
TEST_0945,0.45288718682230844
TEST_0946,0.09724951923406978
TEST_0947,0.30832979762196266
TEST_0948,0.26748649079245057
TEST_0949,0.18182449851617996
TEST_0950,0.25686020747437427
TEST_0951,0.6997448458326617
TEST_0952,0.16233943278915067
TEST_0953,0.36138965819644414
TEST_0954,0.15636631534754547
TEST_0955,0.50421198675556
TEST_0956,0.3878799527298568
TEST_0957,0.22173104212769537
TEST_0958,0.5866926128887978
TEST_0959,0.639707398895309
TEST_0960,0.11050664598485785
TEST_0961,0.5535106444714109
TEST_0962,0.2392333823000923
TEST_0963,0.1270977210575885
TEST_0964,0.43973031758344466
TEST_0965,0.24760212612617513
TEST_0966,0.7313368242410079
TEST_0967,0.47587966218872046
TEST_0968,0.1962580499202524
TEST_0969,0.24622108438891097
TEST_0970,0.18912640763412678
TEST_0971,0.1709791211474141
TEST_0972,0.15817001756249383
TEST_0973,0.3284702306870893
TEST_0974,0.15129837560276044
TEST_0975,0.5588283154274256
TEST_0976,0.23083555539267675
TEST_0977,0.22975141450108771
TEST_0978,0.3149338304601067
TEST_0979,0.5461200774009224
TEST_0980,0.488020325366729
TEST_0981,0.5600695563348015
TEST_0982,0.2287928329875265
TEST_0983,0.37429363001806054
TEST_0984,0.18165567930893167
TEST_0985,0.7523706074122767
TEST_0986,0.22771169799926733
TEST_0987,0.44989338932223905
TEST_0988,0.30877666487783245
TEST_0989,0.2908518190379153
TEST_0990,0.36248480567934166
TEST_0991,0.29683225961584353
TEST_0992,0.5104310378347218
TEST_0993,0.33246829998852445
TEST_0994,0.18907526454372828
TEST_0995,0.10991278137645934
TEST_0996,0.10804349839702751
TEST_0997,0.18218766813966963
TEST_0998,0.4222177825539373
TEST_0999,0.5074288973565015
TEST_1000,0.44807956748504635
TEST_1001,0.3902304102508992
TEST_1002,0.520259305727262
TEST_1003,0.25579653920882
TEST_1004,0.3965700007465176
TEST_1005,0.48829803498922786
TEST_1006,0.4500433600011426
TEST_1007,0.7770009605609416
TEST_1008,0.6389582912569606
TEST_1009,0.26385468883396906
TEST_1010,0.2643658030279205
TEST_1011,0.1989659852041206
TEST_1012,0.1372380358296361
TEST_1013,0.1737906612422202
TEST_1014,0.6525130618227176
TEST_1015,0.19259674559654189
TEST_1016,0.11195244475307393
TEST_1017,0.13427114070883014
TEST_1018,0.11729230606978358
TEST_1019,0.41415079553235185
TEST_1020,0.31241748097229405
TEST_1021,0.4939386071943222
TEST_1022,0.2904984269811366
TEST_1023,0.6354057422373981
TEST_1024,0.13368521249904156
TEST_1025,0.10929203266485248
TEST_1026,0.659487711643097
TEST_1027,0.39191425553366294
TEST_1028,0.3287282655541498
TEST_1029,0.8038841666254318
TEST_1030,0.20931083268459064
TEST_1031,0.28115510856005616
TEST_1032,0.43382799542763195
TEST_1033,0.4785735638340499
TEST_1034,0.29342281900464495
TEST_1035,0.13367587054002333
TEST_1036,0.31572175059829294
TEST_1037,0.30746710064276167
TEST_1038,0.27841653308340314
TEST_1039,0.565417083087047
TEST_1040,0.1296852037447744
TEST_1041,0.5324164569613576
TEST_1042,0.419385999113894
TEST_1043,0.2400622720046502
TEST_1044,0.15634164919500493
TEST_1045,0.6373165551644515
TEST_1046,0.6345377495953278
TEST_1047,0.41872069751443364
TEST_1048,0.3438658917672987
TEST_1049,0.3574641580326439
TEST_1050,0.13044221006788786
TEST_1051,0.2559691742017516
TEST_1052,0.2880697614398613
TEST_1053,0.3742150723575772
TEST_1054,0.5811682012032667
TEST_1055,0.5700384990881365
TEST_1056,0.7298714239295635
TEST_1057,0.36549360825151883
TEST_1058,0.1889603280098651
TEST_1059,0.1691025982919717
TEST_1060,0.37476701535824425
TEST_1061,0.17709828892552051
TEST_1062,0.8085989009315419
TEST_1063,0.6459724590752267
TEST_1064,0.2045970785862538
TEST_1065,0.4033821063378358
TEST_1066,0.4384587306973454
TEST_1067,0.31475590432889683
TEST_1068,0.3413384018363696
TEST_1069,0.4166614286594734
TEST_1070,0.26105631612117614
TEST_1071,0.3060565440019818
TEST_1072,0.1942707700753361
TEST_1073,0.1656617191693408
TEST_1074,0.2607187289444113
TEST_1075,0.34522936292298984
TEST_1076,0.2916339981412697
TEST_1077,0.11722531397917865
TEST_1078,0.24940580657516823
TEST_1079,0.15954825936090436
TEST_1080,0.3614858250137641
TEST_1081,0.12228456348208945
TEST_1082,0.2114588754417496
TEST_1083,0.35785445324153625
TEST_1084,0.2767853254607262
TEST_1085,0.11928700444037967
TEST_1086,0.7553920605263532
TEST_1087,0.3391694209785277
TEST_1088,0.2264357572641904
TEST_1089,0.33761700785383936
TEST_1090,0.6203639785385181
TEST_1091,0.2841867487992853
TEST_1092,0.1547940925507759
TEST_1093,0.2684852669712195
TEST_1094,0.305683665123021
TEST_1095,0.33361609998590647
TEST_1096,0.41355993090308457
TEST_1097,0.21133999557038058
TEST_1098,0.3714466383127266
TEST_1099,0.40756833480607907
TEST_1100,0.39040191014438397
TEST_1101,0.3722202506691248
TEST_1102,0.7306255702591472
TEST_1103,0.24689830740768445
TEST_1104,0.19095647531456472
TEST_1105,0.30585345698301736
TEST_1106,0.2267160309129801
TEST_1107,0.1710012070480036
TEST_1108,0.4849463995583723
TEST_1109,0.5419148395624184
TEST_1110,0.3672943933365699
TEST_1111,0.5583295611195229
TEST_1112,0.11614457394958218
TEST_1113,0.10261210166810543
TEST_1114,0.4109963271180085
TEST_1115,0.1636830467513562
TEST_1116,0.5016199027608612
TEST_1117,0.5818556878957666
TEST_1118,0.26982070227145866
TEST_1119,0.5711015454262317
TEST_1120,0.4354179568275066
TEST_1121,0.2072266455442816
TEST_1122,0.2980107577865898
TEST_1123,0.41061680225587477
TEST_1124,0.32615625505592893
TEST_1125,0.368834563635009
TEST_1126,0.14704427717555088
TEST_1127,0.2860662580903583
TEST_1128,0.4258612858625149
TEST_1129,0.5501130876057135
TEST_1130,0.5174691437811497
TEST_1131,0.28194642075517046
TEST_1132,0.3781329011279329
TEST_1133,0.18378424639053187
TEST_1134,0.5928773812650993
TEST_1135,0.5138712722800599
TEST_1136,0.5737763362957907
TEST_1137,0.13701680108820571
TEST_1138,0.7422949005613699
TEST_1139,0.1861155812479283
TEST_1140,0.44522417560204974
TEST_1141,0.32864566719871774
TEST_1142,0.16124936640906873
TEST_1143,0.20430049819598395
TEST_1144,0.3297254521017727
TEST_1145,0.21261187771359685
TEST_1146,0.716628533598397
TEST_1147,0.7859034274826595
TEST_1148,0.2645697673067656
TEST_1149,0.30062530264571957
TEST_1150,0.5922898984712383
TEST_1151,0.38481321116874573
TEST_1152,0.21284695944772394
TEST_1153,0.2537654600435167
TEST_1154,0.15999551205038479
TEST_1155,0.4272056431949099
TEST_1156,0.3737546679922178
TEST_1157,0.4117935663664802
TEST_1158,0.3293663104227398
TEST_1159,0.28284031821798916
TEST_1160,0.5319312342947352
TEST_1161,0.6072815076960137
TEST_1162,0.20566985174035476
TEST_1163,0.1389007245255994
TEST_1164,0.42400999508849047
TEST_1165,0.4403732735115692
TEST_1166,0.35092971591546224
TEST_1167,0.5201382114740134
TEST_1168,0.558951381641895
TEST_1169,0.6047248458817367
TEST_1170,0.29808362663188104
TEST_1171,0.2630787020720708
TEST_1172,0.19329904889322702
TEST_1173,0.2464579014525985
TEST_1174,0.18728797070488934
TEST_1175,0.28945873277873524
TEST_1176,0.22300599750436687
TEST_1177,0.5950628662203882
TEST_1178,0.399627693724368
TEST_1179,0.21190226905719997
TEST_1180,0.598180645287719
TEST_1181,0.1255255372086216
TEST_1182,0.0984081923109374
TEST_1183,0.7388105665448474
TEST_1184,0.2476242046498782
TEST_1185,0.5681612721280888
TEST_1186,0.23497687266793013
TEST_1187,0.5841628954897127
TEST_1188,0.3465705572638239
TEST_1189,0.3464525146029792
TEST_1190,0.7301453640561031
TEST_1191,0.2309451088873442
TEST_1192,0.3548729594011373
TEST_1193,0.32982565415302245
TEST_1194,0.18528601215405024
TEST_1195,0.8223417671016263
TEST_1196,0.3625582810538148
TEST_1197,0.2809229875615634
TEST_1198,0.5879774123704815
TEST_1199,0.6753110941641678
TEST_1200,0.3273978159803569
TEST_1201,0.32734868560083297
TEST_1202,0.36192330738159834
TEST_1203,0.6434153177454581
TEST_1204,0.17216382967693544
TEST_1205,0.099026945401713
TEST_1206,0.15648501635176962
TEST_1207,0.35409636333621913
TEST_1208,0.3845362519995025
TEST_1209,0.2667276337419849
TEST_1210,0.27890751059632796
TEST_1211,0.4034414134378972
TEST_1212,0.29828838691945786
TEST_1213,0.3797111608733805
TEST_1214,0.15813380950932523
TEST_1215,0.7835973726540824
TEST_1216,0.7412740717785323
TEST_1217,0.11838336616373328
TEST_1218,0.48183790975657925
TEST_1219,0.0891658436449585
TEST_1220,0.10167894891577635
TEST_1221,0.24769859902197194
TEST_1222,0.17711890876233052
TEST_1223,0.21842056233446833
TEST_1224,0.3560357304834933
TEST_1225,0.2955940111354018
TEST_1226,0.2896552840403031
TEST_1227,0.3346901528116625
TEST_1228,0.10686455835514767
TEST_1229,0.34681620514940437
TEST_1230,0.09755781573154758
TEST_1231,0.2508974644631602
TEST_1232,0.4412300345575703
TEST_1233,0.22776531267535827
TEST_1234,0.12252388836569542
TEST_1235,0.6670432128284428
TEST_1236,0.7616322874258847
TEST_1237,0.28510143347330735
TEST_1238,0.7742615696683157
TEST_1239,0.30024365572781425
TEST_1240,0.2393850451526805
TEST_1241,0.3258975096557433
TEST_1242,0.2696826069162502
TEST_1243,0.17264433703952858
TEST_1244,0.5486523223255717
TEST_1245,0.4496731106618247
TEST_1246,0.4955719552070676
TEST_1247,0.28737809201117
TEST_1248,0.41253203427810714
TEST_1249,0.2914540930507782
TEST_1250,0.1674847780150621
TEST_1251,0.22237818840020687
TEST_1252,0.4212988710211865
TEST_1253,0.24246417662828426
TEST_1254,0.6216732258699741
TEST_1255,0.3677858973334857
TEST_1256,0.26042074885792504
TEST_1257,0.3079873299934738
TEST_1258,0.3045720002243007
TEST_1259,0.506043187275999
TEST_1260,0.6654310851284618
TEST_1261,0.3005568962213091
TEST_1262,0.32854503448094513
TEST_1263,0.13298269051573097
TEST_1264,0.2133955710623259
TEST_1265,0.3331898452108015
TEST_1266,0.3171390652446354
TEST_1267,0.3992651216390821
TEST_1268,0.13888284699012984
TEST_1269,0.4665437066958077
TEST_1270,0.38597115760845063
TEST_1271,0.496871819712285
TEST_1272,0.16892549462379605
TEST_1273,0.3439789820979131
TEST_1274,0.21800821870834403
TEST_1275,0.38965645296484036
TEST_1276,0.45984443016178234
TEST_1277,0.12955862528978357
TEST_1278,0.7925536219719365
TEST_1279,0.29091569478920193
TEST_1280,0.6129718326864494
TEST_1281,0.43260952315191215
TEST_1282,0.1620838165580399
TEST_1283,0.11917638186066598
TEST_1284,0.34824543825918597
TEST_1285,0.1555742742281475
TEST_1286,0.19626660966814607
TEST_1287,0.3337747503127641
TEST_1288,0.28456410534930293
TEST_1289,0.2731244523915784
TEST_1290,0.745271443070626
TEST_1291,0.12665397602011436
TEST_1292,0.2950090935935971
TEST_1293,0.3720612877270924
TEST_1294,0.2508280337345813
TEST_1295,0.1727117100032438
TEST_1296,0.19877561434649613
TEST_1297,0.4200760493111612
TEST_1298,0.5320495737485929
TEST_1299,0.15750456112623842
TEST_1300,0.3474408329956669
TEST_1301,0.4652222317870891
TEST_1302,0.22946102961659767
TEST_1303,0.28983422920424307
TEST_1304,0.2758651131229005
TEST_1305,0.45218412982195383
TEST_1306,0.19315553353642048
TEST_1307,0.12306697497015005
TEST_1308,0.1388338489872295
TEST_1309,0.2822721450904072
TEST_1310,0.6036592093933654
TEST_1311,0.32737890172263195
TEST_1312,0.40468277826367965
TEST_1313,0.6588477990781711
TEST_1314,0.4480862369670995
TEST_1315,0.22399057153296023
TEST_1316,0.4295559458732902
TEST_1317,0.27890774927575346
TEST_1318,0.5596341489180404
TEST_1319,0.6622415491268866
TEST_1320,0.3763472580961964
TEST_1321,0.3228705875946135
TEST_1322,0.5854814375979088
TEST_1323,0.44772849361676953
TEST_1324,0.2936514969585745
TEST_1325,0.43942699827865356
TEST_1326,0.336043765409087
TEST_1327,0.32336417237422993
TEST_1328,0.20257587741419136
TEST_1329,0.47651094380892245
TEST_1330,0.3901343517208888
TEST_1331,0.5006906998876862
TEST_1332,0.4526214934663949
TEST_1333,0.18042827361800184
TEST_1334,0.5132866152351883
TEST_1335,0.4511127455182659
TEST_1336,0.22301093123788018
TEST_1337,0.7144207207177827
TEST_1338,0.39868293755159506
TEST_1339,0.47842452493472276
TEST_1340,0.6514392944517122
TEST_1341,0.23384109323306218
TEST_1342,0.4621009154818411
TEST_1343,0.5100126040477474
TEST_1344,0.6829832850783323
TEST_1345,0.3206620387160717
TEST_1346,0.7174562369961448
TEST_1347,0.23381502365791973
TEST_1348,0.7626506194799819
TEST_1349,0.11324154168872587
TEST_1350,0.5526030253590785
TEST_1351,0.5603108268320013
TEST_1352,0.13696782523171863
TEST_1353,0.3432516784335803
TEST_1354,0.3696293478573529
TEST_1355,0.3187685234942869
TEST_1356,0.1319780976066419
TEST_1357,0.37622155191291035
TEST_1358,0.13499509865601347
TEST_1359,0.3878626425816764
TEST_1360,0.27391339398126224
TEST_1361,0.20757701354267707
TEST_1362,0.3310324755309988
TEST_1363,0.3293200590439438
TEST_1364,0.6604790239470301
TEST_1365,0.6566054788804441
TEST_1366,0.38265863146810386
TEST_1367,0.32474050609724703
TEST_1368,0.7435126390505337
TEST_1369,0.7333964000613737
TEST_1370,0.09780575546925689
TEST_1371,0.7148283106644973
TEST_1372,0.6483361201407168
TEST_1373,0.5366022037155875
TEST_1374,0.1955962915055828
TEST_1375,0.501146599702369
TEST_1376,0.21242552160115338
TEST_1377,0.5163813146339682
TEST_1378,0.7564716145295955
TEST_1379,0.5382102323465391
TEST_1380,0.1455244581183838
TEST_1381,0.2419807975046412
TEST_1382,0.36802796180269814
TEST_1383,0.1876457351085034
TEST_1384,0.24539598656795736
TEST_1385,0.5539109062511336
TEST_1386,0.3827119569887584
TEST_1387,0.2203080467242277
TEST_1388,0.5279077464675435
TEST_1389,0.21278546973033674
TEST_1390,0.349409953592533
TEST_1391,0.169147513953983
TEST_1392,0.5292262432343324
TEST_1393,0.09396104908639737
TEST_1394,0.6081567815416979
TEST_1395,0.5917333225460473
TEST_1396,0.33197880047484846
TEST_1397,0.18937750074696214
TEST_1398,0.7277918250483003
TEST_1399,0.5126684898548863
TEST_1400,0.392245355477911
TEST_1401,0.1342127382199263
TEST_1402,0.19407748584027915
TEST_1403,0.18529124384997994
TEST_1404,0.2423738988473981
TEST_1405,0.36162536284536434
TEST_1406,0.45253227150035313
TEST_1407,0.2156686037639537
TEST_1408,0.35290152918157763
TEST_1409,0.36191554019455036
TEST_1410,0.1777042756584241
TEST_1411,0.214128144168975
TEST_1412,0.15609325010579436
TEST_1413,0.10923346512666224
TEST_1414,0.30380375767930234
TEST_1415,0.5923035056658288
TEST_1416,0.6674239475382571
TEST_1417,0.30789459222707893
TEST_1418,0.3435857676994234
TEST_1419,0.21915739736612508
TEST_1420,0.1826100637821018
TEST_1421,0.21335771577758444
TEST_1422,0.6654165233652225
TEST_1423,0.6492759985253415
TEST_1424,0.5640276636432962
TEST_1425,0.16498675773475485
TEST_1426,0.2198158996933615
TEST_1427,0.6387240571254731
TEST_1428,0.37296607470468596
TEST_1429,0.3788896170153025
TEST_1430,0.5592244949565353
TEST_1431,0.3302190538668061
TEST_1432,0.2170943805461009
TEST_1433,0.4720308454362097
TEST_1434,0.4496504960182579
TEST_1435,0.5310652927461177
TEST_1436,0.24206751059308737
TEST_1437,0.3326322382760548
TEST_1438,0.2734217129678193
TEST_1439,0.25201284098121385
TEST_1440,0.7442147189793535
TEST_1441,0.200424957918269
TEST_1442,0.22854156354172306
TEST_1443,0.3278598206882775
TEST_1444,0.6597488396943406
TEST_1445,0.15940373557550355
TEST_1446,0.7983624511735959
TEST_1447,0.36652298552256046
TEST_1448,0.26211714304063133
TEST_1449,0.25202222600674773
TEST_1450,0.17123066417567195
TEST_1451,0.5125780435060469
TEST_1452,0.5624302715329146
TEST_1453,0.1999143507163661
TEST_1454,0.5303571813291188
TEST_1455,0.24635366739680345
TEST_1456,0.5185988395480589
TEST_1457,0.3159208470741698
TEST_1458,0.7466045905814497
TEST_1459,0.19306761739044445
TEST_1460,0.15069218054586905
TEST_1461,0.15413442488973866
TEST_1462,0.10404594166084732
TEST_1463,0.44542839184163757
TEST_1464,0.35476114133580017
TEST_1465,0.36763867140930884
TEST_1466,0.11464444197238792
TEST_1467,0.3247485999167371
TEST_1468,0.7917900482447142
TEST_1469,0.18524127979351002
TEST_1470,0.6964165582154094
TEST_1471,0.4975679726352461
TEST_1472,0.2337232207759703
TEST_1473,0.10014651061567204
TEST_1474,0.2747695344726845
TEST_1475,0.12578761083281825
TEST_1476,0.333996250777677
TEST_1477,0.24632267287815424
TEST_1478,0.5622075165338524
TEST_1479,0.26138786100378536
TEST_1480,0.2279660396511949
TEST_1481,0.2220024702501427
TEST_1482,0.5029433145336516
TEST_1483,0.2966555003590048
TEST_1484,0.25391552974615744
TEST_1485,0.34312799198467303
TEST_1486,0.3320892555895489
TEST_1487,0.16662273316366197
TEST_1488,0.6982417147371163
TEST_1489,0.5802348539477233
TEST_1490,0.201108110307569
TEST_1491,0.38972480065191395
TEST_1492,0.16141450196190382
TEST_1493,0.4403173825878329
TEST_1494,0.16199660080814382
TEST_1495,0.2863746454753021
TEST_1496,0.552199008255227
TEST_1497,0.3325227351550936
TEST_1498,0.6935210697142297
TEST_1499,0.5949380812512755
TEST_1500,0.274359845471774
TEST_1501,0.30387197621404194
TEST_1502,0.6175042526607009
TEST_1503,0.408023232972433
TEST_1504,0.813745542675111
TEST_1505,0.5710243587234863
TEST_1506,0.23751735793318185
TEST_1507,0.6157262996697809
TEST_1508,0.7584733292070758
TEST_1509,0.4383641285058783
TEST_1510,0.19160250850161314
TEST_1511,0.4223720336983731
TEST_1512,0.6371379611822808
TEST_1513,0.39821446946829026
TEST_1514,0.2276797544917563
TEST_1515,0.35306989645078346
TEST_1516,0.22756577837617156
TEST_1517,0.5030057919384089
TEST_1518,0.16017865568724265
TEST_1519,0.2393310932191548
TEST_1520,0.20299105888930827
TEST_1521,0.3974691706148957
TEST_1522,0.5016113151950475
TEST_1523,0.5982072975017904
TEST_1524,0.3285831798320725
TEST_1525,0.500616401576361
TEST_1526,0.5012134450434013
TEST_1527,0.48931387770659135
TEST_1528,0.18916097559921663
TEST_1529,0.522055601263409
TEST_1530,0.286760630265872
TEST_1531,0.35695025325000734
TEST_1532,0.34370093280020453
TEST_1533,0.5109998419978549
TEST_1534,0.43833944587399026
TEST_1535,0.5375429817753955
TEST_1536,0.2783284124785031
TEST_1537,0.46142655091637297
TEST_1538,0.4523815747839689
TEST_1539,0.2535651630969856
TEST_1540,0.17120070502282372
TEST_1541,0.13282789004233128
TEST_1542,0.6867949143385041
TEST_1543,0.3190844790019388
TEST_1544,0.26329938246707396
TEST_1545,0.734764326975935
TEST_1546,0.30816381230183515
TEST_1547,0.21925911425631575
TEST_1548,0.21031485991527749
TEST_1549,0.1919174074818667
TEST_1550,0.5829921336134273
TEST_1551,0.35270838231147006
TEST_1552,0.3784482671246567
TEST_1553,0.22045835729546243
TEST_1554,0.21527574264095137
TEST_1555,0.3379137746604866
TEST_1556,0.24308996980733796
TEST_1557,0.5397831577630023
TEST_1558,0.6212556888321655
TEST_1559,0.2792465831904675
TEST_1560,0.2730868812190894
TEST_1561,0.19531091983126467
TEST_1562,0.43614123404090777
TEST_1563,0.46102488229271976
TEST_1564,0.12536525319345748
TEST_1565,0.3150877105784236
TEST_1566,0.21134497367688276
TEST_1567,0.5893692450849521
TEST_1568,0.24361661469667534
TEST_1569,0.12333189608938307
TEST_1570,0.21414720653881217
TEST_1571,0.2849549440908003
TEST_1572,0.4818689785064646
TEST_1573,0.3259979826608225
TEST_1574,0.6894167712750766
TEST_1575,0.31959453715097863
TEST_1576,0.5914871983411571
TEST_1577,0.3015915643184161
TEST_1578,0.4281111434210598
TEST_1579,0.4178865940901121
TEST_1580,0.29037956694946543
TEST_1581,0.20071136357957436
TEST_1582,0.3556543365472994
TEST_1583,0.2171946807176395
TEST_1584,0.21878096199657274
TEST_1585,0.4043095233208238
TEST_1586,0.2087599232597632
TEST_1587,0.3235273128851296
TEST_1588,0.22421114772912634
TEST_1589,0.2524020010188837
TEST_1590,0.7421978436228743
TEST_1591,0.41839205084481695
TEST_1592,0.3143845656459839
TEST_1593,0.4945712948708825
TEST_1594,0.34105819976456053
TEST_1595,0.6000379787244172
TEST_1596,0.2926981755285308
TEST_1597,0.2682849479476683
TEST_1598,0.2623110721300757
TEST_1599,0.46978213032566457
TEST_1600,0.5395089197989031
TEST_1601,0.2202511947013681
TEST_1602,0.08681398458409138
TEST_1603,0.15239985537821488
TEST_1604,0.8078673313435725
TEST_1605,0.47380640162788656
TEST_1606,0.21112537005852916
TEST_1607,0.1422576270577013
TEST_1608,0.08390234182270134
TEST_1609,0.42160724388321646
TEST_1610,0.2155747240826013
TEST_1611,0.38252841989427
TEST_1612,0.5544112939105176
TEST_1613,0.22545943813498764
TEST_1614,0.2724866098067346
TEST_1615,0.6723234211056874
TEST_1616,0.7863378020516364
TEST_1617,0.10909306549043137
TEST_1618,0.2720405237859453
TEST_1619,0.19608831057519382
TEST_1620,0.1670544300767281
TEST_1621,0.3846139328781619
TEST_1622,0.13175276434392139
TEST_1623,0.20827405395493118
TEST_1624,0.35921694112933195
TEST_1625,0.6434891356166084
TEST_1626,0.6882890693321917
TEST_1627,0.44432009258346755
TEST_1628,0.6728828254935155
TEST_1629,0.38142043455843827
TEST_1630,0.4568133356611231
TEST_1631,0.12714225587389005
TEST_1632,0.22495988066908296
TEST_1633,0.4625638635477832
TEST_1634,0.12439276927187287
TEST_1635,0.29943145415901473
TEST_1636,0.40793770012388286
TEST_1637,0.15953039228679172
TEST_1638,0.4150716047044529
TEST_1639,0.6577238268209826
TEST_1640,0.5432920300346752
TEST_1641,0.3080547976912874
TEST_1642,0.14634701153572252
TEST_1643,0.6550807638857407
TEST_1644,0.6447876704800775
TEST_1645,0.2507023580690857
TEST_1646,0.22022911838956002
TEST_1647,0.1299525063368088
TEST_1648,0.2570259860600624
TEST_1649,0.24281239285038725
TEST_1650,0.22221589845155718
TEST_1651,0.17422122299584536
TEST_1652,0.12563960524961088
TEST_1653,0.1860319511191618
TEST_1654,0.30866403527004216
TEST_1655,0.4011940484461599
TEST_1656,0.23011664969138806
TEST_1657,0.28200946237056046
TEST_1658,0.1638674010152093
TEST_1659,0.7587334191852672
TEST_1660,0.5425186716444284
TEST_1661,0.1873129921714754
TEST_1662,0.4449276422719797
TEST_1663,0.6027603260782746
TEST_1664,0.453580076104126
TEST_1665,0.14182659627269198
TEST_1666,0.5791963633849776
TEST_1667,0.6735259891741353
TEST_1668,0.23888962749531314
TEST_1669,0.3967870848837158
TEST_1670,0.18017738138170594
TEST_1671,0.2818009795777635
TEST_1672,0.4488312941737064
TEST_1673,0.2609203750863365
TEST_1674,0.15631827626920555
TEST_1675,0.6841140224015622
TEST_1676,0.4907720687671181
TEST_1677,0.17998076382314707
TEST_1678,0.2661062264383767
TEST_1679,0.2914920949045917
TEST_1680,0.36211123183919025
TEST_1681,0.30111401016257483
TEST_1682,0.2037302030557609
TEST_1683,0.5991505140746456
TEST_1684,0.4190525886937686
TEST_1685,0.24193087091392326
TEST_1686,0.3118975320292638
TEST_1687,0.5627238841442155
TEST_1688,0.2748882357842904
TEST_1689,0.23611742276805256
TEST_1690,0.33966475079787956
TEST_1691,0.20784150644186297
TEST_1692,0.3281125457512727
TEST_1693,0.5906706985372069
TEST_1694,0.15272443447297127
TEST_1695,0.2480003046603309
TEST_1696,0.5991311844788
TEST_1697,0.34845325178216024
TEST_1698,0.26165351480916255
TEST_1699,0.5575360008815559
TEST_1700,0.17287795458056368
TEST_1701,0.6620851266300259
TEST_1702,0.24196264074719803
TEST_1703,0.2759151323742035
TEST_1704,0.2500044039678082
TEST_1705,0.22751074551164796
TEST_1706,0.307163069455933
TEST_1707,0.35408683540075575
TEST_1708,0.10835916894361416
TEST_1709,0.1489969545235257
TEST_1710,0.29645550918493735
TEST_1711,0.10475227624634768
TEST_1712,0.2843586266474188
TEST_1713,0.2569924103351015
TEST_1714,0.2467189790020888
TEST_1715,0.38476287115929625
TEST_1716,0.26678624171680226
TEST_1717,0.659799158598194
TEST_1718,0.4257039471621913
TEST_1719,0.4023462505664877
TEST_1720,0.6079804484519794
TEST_1721,0.17391094772116863
TEST_1722,0.3312785229891972
TEST_1723,0.14354250441596708
TEST_1724,0.4106325424164558
TEST_1725,0.18695677402317162
TEST_1726,0.22333225720019398
TEST_1727,0.22556580154622274
TEST_1728,0.3466631889377242
TEST_1729,0.5355715825343669
TEST_1730,0.5273515547738581
TEST_1731,0.1701302126370564
TEST_1732,0.5163200851501719
TEST_1733,0.5713160187315954
TEST_1734,0.16871471829782958
TEST_1735,0.3573783521559831
TEST_1736,0.30719732916601283
TEST_1737,0.5448365920050301
TEST_1738,0.3081998799700821
TEST_1739,0.26517902632510054
TEST_1740,0.6065333471724478
TEST_1741,0.17536845884934008
TEST_1742,0.22936895117867218
TEST_1743,0.3772989090260579
TEST_1744,0.35395395906455024
TEST_1745,0.1509031829686848
TEST_1746,0.6611485242903576
TEST_1747,0.7495763382846977
TEST_1748,0.435990194401165
TEST_1749,0.24108677143348997
TEST_1750,0.14643880228079287
TEST_1751,0.1676242407918454
TEST_1752,0.48672161968307986
TEST_1753,0.2839816719428786
TEST_1754,0.5325145155926707
TEST_1755,0.4821222385744636
TEST_1756,0.24256808440118055
TEST_1757,0.812312390217779
TEST_1758,0.18077494071617004
TEST_1759,0.7101672018078153
TEST_1760,0.4447110582477663
TEST_1761,0.5853869214760674
TEST_1762,0.13626390974582342
TEST_1763,0.1884028652767575
TEST_1764,0.39984475000085135
TEST_1765,0.10643546693163916
TEST_1766,0.4130506858996084
TEST_1767,0.5855914023314428
TEST_1768,0.5182514277691938
TEST_1769,0.3929371600448085
TEST_1770,0.7609667793782728
TEST_1771,0.1822105798483952
TEST_1772,0.5166299634928577
TEST_1773,0.30051208068058755
TEST_1774,0.8026241250971847
TEST_1775,0.20231817416240244
TEST_1776,0.7619256534210199
TEST_1777,0.19569490939698775
TEST_1778,0.13459406371462138
TEST_1779,0.6142980702333306
TEST_1780,0.58535601815708
TEST_1781,0.3970892782603726
TEST_1782,0.732110264884499
TEST_1783,0.49076684317026975
TEST_1784,0.3384609359838263
TEST_1785,0.20971966864474414
TEST_1786,0.4715057964960721
TEST_1787,0.3921910783805775
TEST_1788,0.29749081573233677
TEST_1789,0.20070974940908803
TEST_1790,0.16004541293660995
TEST_1791,0.3118695176487736
TEST_1792,0.4936521420476736
TEST_1793,0.415886860113429
TEST_1794,0.38585786600944744
TEST_1795,0.5019833665582984
TEST_1796,0.16299592815901032
TEST_1797,0.6444517016986018
TEST_1798,0.20412112812718994
TEST_1799,0.504995033827762
TEST_1800,0.26439877476913703
TEST_1801,0.2553272773510584
TEST_1802,0.3715436835385462
TEST_1803,0.3236208594235786
TEST_1804,0.13886546830552848
TEST_1805,0.46589529132987034
TEST_1806,0.2754179941297969
TEST_1807,0.28850512213241375
TEST_1808,0.26952427481689484
TEST_1809,0.49005122448860927
TEST_1810,0.26797513624514535
TEST_1811,0.4630571495403278
TEST_1812,0.10234476727269264
TEST_1813,0.5028032777867695
TEST_1814,0.3172691469009828
TEST_1815,0.17627724004859258
TEST_1816,0.1946964570506128
TEST_1817,0.62282291743208
TEST_1818,0.23386633800011045
TEST_1819,0.20623783644328683
TEST_1820,0.3069833079828184
TEST_1821,0.6359078799126133
TEST_1822,0.7331559771937377
TEST_1823,0.30092144188697706
TEST_1824,0.33615997336627823
TEST_1825,0.5194537369322211
TEST_1826,0.3517450264103232
TEST_1827,0.22212021133651058
TEST_1828,0.2762537729415785
TEST_1829,0.5854139228106204
TEST_1830,0.11617446145693748
TEST_1831,0.37312220488800324
TEST_1832,0.3001317557250997
TEST_1833,0.3422990788039674
TEST_1834,0.7410983693286978
TEST_1835,0.20874430566563928
TEST_1836,0.25344301881258635
TEST_1837,0.27715386531848574
TEST_1838,0.29909304802730896
TEST_1839,0.1924039030284449
TEST_1840,0.42290559139285294
TEST_1841,0.3231031482314905
TEST_1842,0.17732507821673893
TEST_1843,0.5192843712721309
TEST_1844,0.5348670512358042
TEST_1845,0.20442750937190232
TEST_1846,0.3089606003768015
TEST_1847,0.3454089900573361
TEST_1848,0.43829822928085144
TEST_1849,0.25415856690145827
TEST_1850,0.18657188092989424
TEST_1851,0.18593620291060287
TEST_1852,0.6789018314665544
TEST_1853,0.6181391180146895
TEST_1854,0.32862772899996556
TEST_1855,0.7125115728013487
TEST_1856,0.1662583376460105
TEST_1857,0.5230515336716249
TEST_1858,0.3169809499634751
TEST_1859,0.5399627271435141
TEST_1860,0.47956469821268694
TEST_1861,0.2633816797833607
TEST_1862,0.3501838526949635
TEST_1863,0.25174264064846796
TEST_1864,0.6356604356796735
TEST_1865,0.3472468604135373
TEST_1866,0.33896261435238084
TEST_1867,0.7549664647147526
TEST_1868,0.25457499433679626
TEST_1869,0.33495538899565724
TEST_1870,0.11415478482725644
TEST_1871,0.20676460706419775
TEST_1872,0.7189761891064246
TEST_1873,0.536871433442627
TEST_1874,0.369612000602458
TEST_1875,0.17460719392551538
TEST_1876,0.6839382007839598
TEST_1877,0.1559015782224942
TEST_1878,0.3062026807923331
TEST_1879,0.7841162880150564
TEST_1880,0.17241127940426834
TEST_1881,0.35694354886743185
TEST_1882,0.6913302204146387
TEST_1883,0.42049208046730463
TEST_1884,0.19553888579546103
TEST_1885,0.622328482407337
TEST_1886,0.1878589205643442
TEST_1887,0.16790169282461934
TEST_1888,0.27202495578144303
TEST_1889,0.20660062229974752
TEST_1890,0.24903503030649302
TEST_1891,0.46023499901758164
TEST_1892,0.25480034460047096
TEST_1893,0.1822451387325507
TEST_1894,0.1952230748131518
TEST_1895,0.4755185581074935
TEST_1896,0.35885507545634643
TEST_1897,0.18470132309185391
TEST_1898,0.19882119662896502
TEST_1899,0.3983926442099282
TEST_1900,0.1985858819343684
TEST_1901,0.6022952057971175
TEST_1902,0.10190646089049714
TEST_1903,0.1987022101274508
TEST_1904,0.23677086224667715
TEST_1905,0.2701852444863158
TEST_1906,0.23887499850243182
TEST_1907,0.11434966314136771
TEST_1908,0.3008147258147418
TEST_1909,0.2624488395715088
TEST_1910,0.5539992642029162
TEST_1911,0.2544557666064245
TEST_1912,0.2073564353381659
TEST_1913,0.20628799143767612
TEST_1914,0.6402047100381634
TEST_1915,0.37064929240857014
TEST_1916,0.16874597859135498
TEST_1917,0.23067201900790682
TEST_1918,0.1447268391277201
TEST_1919,0.15884625217724138
TEST_1920,0.2405929931886549
TEST_1921,0.3449501858979628
TEST_1922,0.17922164761349332
TEST_1923,0.23432754683072524
TEST_1924,0.17626736400228926
TEST_1925,0.3031295999370185
TEST_1926,0.604699232423477
TEST_1927,0.389208977016506
TEST_1928,0.24911965002477512
TEST_1929,0.6971653691056159
TEST_1930,0.142758799129312
TEST_1931,0.20053280087499328
TEST_1932,0.12346484948856726
TEST_1933,0.6190761325842108
TEST_1934,0.14950356558967687
TEST_1935,0.3570816535088929
TEST_1936,0.6278915856664828
TEST_1937,0.5961569530486163
TEST_1938,0.27848788383756284
TEST_1939,0.1552461246677919
TEST_1940,0.2277468787043554
TEST_1941,0.20309935896301326
TEST_1942,0.3203214052058284
TEST_1943,0.2784885865774133
TEST_1944,0.1963345782217836
TEST_1945,0.20145933355621568
TEST_1946,0.33177647212684086
TEST_1947,0.19415943468229907
TEST_1948,0.6486469685364502
TEST_1949,0.5243478266759337
TEST_1950,0.40170251263169604
TEST_1951,0.2571075453557625
TEST_1952,0.20245695861686852
TEST_1953,0.5821907561930476
TEST_1954,0.2322215716276385
TEST_1955,0.3816248859990462
TEST_1956,0.24052616404776522
TEST_1957,0.5218087695296583
TEST_1958,0.2309024673447354
TEST_1959,0.3962817658571304
TEST_1960,0.3429056134761965
TEST_1961,0.11606528491707341
TEST_1962,0.5508762865349536
TEST_1963,0.3334852861818711
TEST_1964,0.5682281430035314
TEST_1965,0.44460722047776213
TEST_1966,0.1595654143291442
TEST_1967,0.5121774456953578
TEST_1968,0.27585292435167164
TEST_1969,0.21452819798036915
TEST_1970,0.2648636885962764
TEST_1971,0.34610076230455106
TEST_1972,0.47069259022270415
TEST_1973,0.6958381449810646
TEST_1974,0.3139178568824855
TEST_1975,0.21050877025869313
TEST_1976,0.5953947869683681
TEST_1977,0.22790521929864307
TEST_1978,0.30539947891373004
TEST_1979,0.10505532745789017
TEST_1980,0.14880302360561637
TEST_1981,0.14654912751405025
TEST_1982,0.13125976445451046
TEST_1983,0.3731165320822028
TEST_1984,0.2023780096489135
TEST_1985,0.17187936008972501
TEST_1986,0.2235159552604294
TEST_1987,0.6725885482332704
TEST_1988,0.5916820807033911
TEST_1989,0.16587543981009825
TEST_1990,0.4524652023935754
TEST_1991,0.42538375239373005
TEST_1992,0.17173165229951298
TEST_1993,0.1752665872761815
TEST_1994,0.17237479675721398
TEST_1995,0.24954067928028625
TEST_1996,0.525182058559943
TEST_1997,0.22130585637599187
TEST_1998,0.6005429653784353
TEST_1999,0.39789400973650724
TEST_2000,0.2913029537585661
TEST_2001,0.3921887447483484
TEST_2002,0.5380161752534789
TEST_2003,0.7050835427347397
TEST_2004,0.08134092593747415
TEST_2005,0.538436001211543
TEST_2006,0.3686570612543049
TEST_2007,0.3253567031247369
TEST_2008,0.15358069150996043
TEST_2009,0.44003155448550857
TEST_2010,0.27430415471175673
TEST_2011,0.32597616022234466
TEST_2012,0.33397258294689136
TEST_2013,0.4982152427589888
TEST_2014,0.10548053166168422
TEST_2015,0.10107934301472964
TEST_2016,0.5902562344989768
TEST_2017,0.2806398896638294
TEST_2018,0.14655521196154458
TEST_2019,0.43882011487066974
TEST_2020,0.44857956828449114
TEST_2021,0.22074916216569707
TEST_2022,0.33334085832450727
TEST_2023,0.32893907310279397
TEST_2024,0.2662010269527606
TEST_2025,0.11075075074174022
TEST_2026,0.22713636971924367
TEST_2027,0.24477670532713836
TEST_2028,0.25824242630326044
TEST_2029,0.6462117634686034
TEST_2030,0.34015742367590385
TEST_2031,0.18789842761120737
TEST_2032,0.31255307258726783
TEST_2033,0.14921534095348252
TEST_2034,0.1022802624400224
TEST_2035,0.19298201780770433
TEST_2036,0.27774602715763186
TEST_2037,0.7726245429437254
TEST_2038,0.38353723926866423
TEST_2039,0.45487633695412655
TEST_2040,0.6585895311819291
TEST_2041,0.24733894841088722
TEST_2042,0.28238651013507915
TEST_2043,0.5528039662016176
TEST_2044,0.6750910770677886
TEST_2045,0.45297934536530826
TEST_2046,0.6471250064065385
TEST_2047,0.47858141126043935
TEST_2048,0.5160167399613047
TEST_2049,0.6440395923843563
TEST_2050,0.13999212941648237
TEST_2051,0.4773580693599121
TEST_2052,0.19640311559949278
TEST_2053,0.22098252631118687
TEST_2054,0.7695049886857971
TEST_2055,0.22456797135221876
TEST_2056,0.41155069724785104
TEST_2057,0.13608523644701193
TEST_2058,0.22635932013875423
TEST_2059,0.37515810948463263
TEST_2060,0.3965395517747457
TEST_2061,0.6909324169284341
